<?xml version='1.0' encoding='utf-8'?>
<index xmlns="https://www.mhlw.go.jp/stf/seisakunitsuite/bunya/0000161103.html" xmlns:xsi="http://www.w3.org/2001/XMLSchema-instance" xsi:schemaLocation="https://www.mhlw.go.jp/stf/seisakunitsuite/bunya/0000161103.html ix08_V08.xsd">
  <interactionType code="1"/>
  <creationTime value="20250606"/>
  <sender>
    <id root="1.2.392.100000.6.9999" extension="SENDER_ORG_ID_001"/>
  </sender>
  <receiver>
    <id root="1.2.392.200000.6.8888" extension="RECEIVER_ORG_ID_001"/>
  </receiver>
  <serviceEventType code="1"/>
  <totalRecordCount value="6"/>
</index>
