#1,2,3,4,5,6
#f@֔ԍ,f@֖,f@֗X֔ԍ,f@֏ݒn,f@֓dbԍ,f@FAXԍ
2813300114,ߋEa@,664-8533,ɒOsԒ˂R|P,0727813712,
2813301351,gc@,664-0013,ɒOs䒬Q|TV,0727823034,
2813302086,sɒOa@,664-8540,ɒOszrP|POO,0727773773,
2813302243,ij@,664-0893,ɒOstuS|TR,0727822395,
2813302300,Ɏ@,664-0887,ɒOskR|P|RQ,0727731253,
2813302375,ijDNjbN,664-0897,ɒOsPuP|R|QR,0727753006,
2813302508,×уNjbN,664-0881,ɒOszV|POO|P,0727849512,
2813302557,ijcOȐfÏ,664-0852,ɒOs{S|Q|PO,0727721398,
2813302581,ij,664-0013,ɒOs䒬T|U,0727781238,
2813302607,ij@,664-0888,ɒOszR|T|PO,0727830820,
2813302615,ijjO,664-0855,ɒOs˂V|T|V,0727724700,
2813302672,ij~JȃNjbN,664-0842,ɒOsX{Q|QUS|PS,0727781600,
2813302714,ijXؓ,664-0861,ɒOs쒬R|QR,0727722821,
2813302755,ijȃNjbN,664-0836,ɒOsk{P|PTS,0727822586,
2813302771,F@,664-0881,ɒOszU|U,0727813456,
2813302813,ijg]ݒȊO,664-0861,ɒOs쒬P|PPP,0727751176,
2813302821,ijȈ@,664-0886,ɒOszS|P|QQ,0727776831,
2813302888,탌fB[XNjbN,664-0858,ɒOsP|Q|PP@b|RrfBOPe,0727778184,
2813302896,|,664-0858,ɒOsQ|R|PQ,0727703321,
2813302912,ij؈@,664-0027,ɒOsrKP|QU,0727810300,
2813302920,ij퉪a@,664-0857,ɒOssQ|T,0727720531,
2813303019,ijSa@,664-0874,ɒOsRcT|R|PR,0727773000,
2813303092,ш@,664-0023,ɒOs쐼R|PRP@Qe,0727818555,
2813303225,ꗈ@,664-0851,ɒOsP|S|PR,0727720015,
2813303274,΃NjbN,664-0851,ɒOsQڂT|QQ,0727718177,
2813303282,ij݂₻a@,664-0007,ɒOskQ|PPR|R,0727771351,
2813303332,iЕjLKfÏ,664-0026,ɒOs{U|PTO,0727786765,
2813303340,ijɒOfÏ,664-0003,ɒOsP|R|Q,0727777001,
2813303357,ijRȈ@,664-0882,ɒOs錴W|UV,0727811801,
2813303407,ijRNjbN,664-0831,ɒOskɒOWڂQTP|P,0727755777,
2813303423,Έ@,664-0863,ɒOsؒQ|VV,0727723750,
2813303464,ij{NjbN,664-0882,ɒOs錴S|S|P,0727770045,
2813303506,O@,664-0875,ɒOsԖkQ|P|V,0727823638,
2813303530,ijĖ{ȏz,664-0858,ɒOsR|P|S,0727733237,
2813303589,ij勴NjbN,664-0028,ɒOsR|QTW,0727806399,
2813303597,іȏz,664-0028,ɒOsQ|QR,0727857123,
2813303613,R,664-0006,ɒOsrT|W|P,0727876682,
2813303712,i@,664-0007,ɒOskP|PT,0727811591,
2813303720,ijacNjbN,664-0846,ɒOsɒOP|PO|PS,0727718108,
2813303829,ij܂NjbN,664-0858,ɒOsP|T|V,0727718778,
2813303837,O@,664-0892,ɒOsP|PTV|V,0727823310,
2813303886,ijiO,664-0851,ɒOsP|Q|PU,0727722663,
2813303928,݂كfB[XNjbN,664-0013,ɒOs䒬T|VQ,0727784103,
2813303944,R@,664-0863,ɒOsؒP|POQ,0727724679,
2813303969,яȓ,664-0008,ɒOsrqS|P|VQ,0727778843,
2813304025,ij悵`O,664-0027,ɒOsrKP|QOQ|Q,0727725055,
2813304041,ijXNjbN,664-0002,ɒOsS|RR|Q,0727829388,
2813304140,u{NjbN,664-0013,ɒOs䒬U|SS@C[XgoBPe,0727800017,
2813304157,zȈ@,664-0874,ɒOsRcU|T|TO,0727431228,
2813304173,ijrcNjbN,664-0872,ɒOsԒ˂P|RQ|V@TVeBpXˌ,0727833480,
2813304181,ijʂǂNjbN,664-0029,ɒOskR|U|U,0727717848,
2813304199,킽炢@,664-0853,ɒOsS|P|QS,0727721166,
2813304231,ijɂ݂,664-0027,ɒOsrKPڂQOS|Q,0727728888,
2813304249,ij|NjbN,664-0022,ɒOs쓌R|PPP,0727730315,
2813304264,܃NjbN,664-0895,ɒOs{mOP|S|Û݂܂RقPK,0727735091,
2813304280,ijNjbN,664-0001,ɒOsrqU|QW|XofBJrPe,0727876966,
2813304314,ij{ȃNjbN,664-0856,ɒOs~m؂S|U|QQ,0727716505,
2813304371,XȈ@,664-0865,ɒOsU|V|PR,0727771455,
2813304413,ij؈@,664-0006,ɒOsrR|S|ROxfrP`,0727857055,
2813304454,킳ȃNjbN,664-0873,ɒOsԂT|PQ|W,0727815053,
2813304462,ijc@,664-0842,ɒOsX{Q|PXO,0727823331,
2813304512,͂Ȃ]_oOȃNjbN,664-0857,ɒOssQ|XV|P,0727705650,
2813304611,ijɓNjbN,664-0027,ɒOsrKP|PUX|P,0727801105,
2813304637,ij؉ȐfÏ,664-0886,ɒOszS|PR|S,0727833990,
2813304686,ij{zȁEO,664-0864,ɒOsQ|PS,0727850330,
2813304694,݃z[NjbN,664-0858,ɒOsP|P|P@ɒO}wr@[^Te,0727702525,
2813304702,ǂt@~[NjbN,664-0858,ɒOsR|V|V}IAVXɒOXQK,0727778118,
2813304728,΂΃uXgNjbN,664-0858,ɒOsP|P|P@TPQ,0727852122,
2813304785,|@,664-0846,ɒOsɒOQ|P|PT,0727822022,
2813304793,fÏ,664-0856,ɒOs~m؂U|R|W,0727728118,
2813304819,݂ECYNjbN,664-0027,ɒOsrKS|X|PS@o[TChrKQe,0727442334,
2813304835,ЎRȃNjbN,664-0873,ɒOsԂP|W|PQ,0727837000,
2813304868,ܓȃNjbN,664-0851,ɒOsRڂQ|U@RK,0727727111,
2813304892,{c@,664-0855,ɒOs˂P|T|QO,0727726294,
2813304918,邽ȃNjbN,664-0006,ɒOsrS|P|PO,0727443553,
2813304934,ijNjbN,664-0023,ɒOs쐼QڂQOV,0727777700,
2813305048,ƂȃNjbN,664-0887,ɒOskP|R|SS,0727705600,
2813305097,݂كfB[XNjbNɒOwO,664-0851,ɒOsPڂSԂQ炷ƈɒOSK,0727852202,
2813305105,˂]_oOȃnrNjbN,664-0874,ɒOsRcT|R|R,0727645560,
2813305121,ȂܓȃNjbN,664-0886,ɒOszP|Q|V}IAVXɒOzXQe,0727778840,
2813305147,LNjbN,664-0845,ɒOsLP|PW|PR@,0727736070,
2813305188,OȌ`OȔ畆,664-0846,ɒOsɒOP|PR|TS,0727781100,
2813305196,˂ȃNjbN,664-0874,ɒOsRcQڂQ|QT|R,0727443781,
2813305204,ȏȃNjbN,664-0001,ɒOsrqU|QW|W,0727786150,
2813305212,킫ȁEhacNjbN,664-0858,ɒOsPڂP|P@}ɒO[^TK,0727703300,
2813305303,PuNjbN,664-0897,ɒOsPuWڂP|W,0727838707,
2813305329,Ƃ݂ȂȃNjbN,664-0872,ɒOsԒ˂Q|WS|Q,0727773451,
2813305352,݂₻a@ݑÃNjbN,664-0008,ɒOsrqRڂPԂQP|PPP@Cz[ɒOrq,0727773821,
2813305360,ЂŐ`OȁEȃNjbN,664-0858,ɒOsPڂW|PV,0727830071,
2813305378,˂NjbN,664-0006,ɒOsrUڂQ|R,0727445513,
2813305402,`OȃNjbN,664-0858,ɒOsPڂT|V@ɒOwOt@~[nCcPK,0727872200,
2813305428,tAȃNjbN,664-0858,ɒOsPڂW|PV,0727446660,
2813305444,ނNjbN,664-0873,ɒOsԂSڂT|QP,0727687560,
2813305477,fÏ,664-0856,ɒOs~m؂U|R|W,0727728118,
2828880308,ɒOst,664-0898,ɒOsmP|P,0727751114,
